soru,sinif
"Eğitim sahasında yandım, yalnızım; ilk ne yapmalıyım?",medikal
Arazide kolu kanayan yaralıya tahliyeden önce turnikeyi nasıl uygulayayım?,medikal
"Araç yanında yalnızım, kırık şüphesi olan yaralıyı nasıl güvene alayım?",medikal
Gece nöbetinde bacağından yaralanana tahliyeden önce turnikeyi nasıl uygulayalım?,medikal
Eğitim sahasında yanan yaralıyı güvene almak için ilk yardım çantasından ne kullanayım?,medikal
"Araç yanında yandım, yalnızım; ilk ne yapayım?",medikal
Gece nöbetinde kolundan kanayan yaralıya tahliyeden önce turnikeyi nasıl uygulayalım?,medikal
"Eğitim sahasında kırık şüphesi var, ilk yardım çantası yanımızdayken önce ne yapalım?",medikal
"Araç yanında birinin kemiği kırılmış olabilir, ilk yardım çantasından önce ne yapayım?",medikal
Gece nöbetinde bacağından yaralanan arkadaşım için turnikeyi takmadan önce ne yapmalıyım?,medikal
"Eğitim sahasında yalnızım, kırık şüphesi olan yaralıyı nasıl güvene alayım?",medikal
Arazide kolundan kanayan yaralıya turnikeyle ilk ne yapayım?,medikal
Arazide bacağından yaralanana tahliyeden önce temiz bezle nasıl ilk yardım yapayım?,medikal
Gece nöbetinde kolundan kanayan yaralıya tahliyeden önce turnikeyi nasıl uygulayayım?,medikal
"Araç yanında biri yandı, ilk yardım çantasından önce ne yapayım?",medikal
Eğitim sahasında kırık şüphesi olan yaralıyı yalnızken nasıl güvene alayım?,medikal
"Araç yanında yalnızım, kırık şüphesinde ilk ne yapayım?",medikal
"Komutanım, arazide kolu kanayan yaralıya temiz bezle ilk ne yapayım?",medikal
Gece nöbetinde kolu kanayan yaralıya tahliyeden önce temiz bezle nasıl müdahale edeyim?,medikal
Gece nöbetinde kolu kanayan yaralıya tahliyeden önce temiz bezle ne yapayım?,medikal
Gece nöbetinde bacağından yaralanan askere temiz bezle ilk ne yapayım?,medikal
Gece nöbetinde kolu kanayan yaralıya tahliyeden önce turnikeyi nasıl takayım?,medikal
Gece nöbetinde kolu kanayan yaralıya turnikeyle önce ne yapayım?,medikal
"Arazide bacağından yaralanana ilk ne yapayım, turnike var?",medikal
"Eğitim sahasında bacağı kırılmış olabilir, ilk yardım çantasıyla onu nasıl güvene alalım?",medikal
Gece nöbetinde kolu kanayan yaralıya temiz bezle ilk ne yapayım?,medikal
Arazide bacağından yaralanana temiz bezle önce ne yapayım?,medikal
Araç yanında yanık yaralısını güvene almak için ilk yardım çantasından ne kullanayım?,medikal
Gece nöbetinde bacağından yaralanan askere tahliyeden önce temiz bezle nasıl ilk yardım yapayım?,medikal
"Araç yanında yanık yaralı var, yalnızım; onu nasıl güvene alayım?",medikal
Arazide kolu kanayan yaralıya temiz bezle ilk ne yapayım?,medikal
"Komutanım, araç yanında birinin kırığı var gibi, ilk yardım çantasından önce ne yapayım?",medikal
Arazide bacağından yaralanan askere turnikeyi ilk nasıl uygulayayım?,medikal
Arazide bacağından yaralanan askere turnikeyle ilk ne yapmalıyım?,medikal
Araç yanında yanık yaralısını tek başıma nasıl güvene alayım?,medikal
Araç yanında yanık yaralısını güvene almak için ilk ne yapayım?,medikal
"Araç yanında birinin kırığı var gibi, ilk ne yapalım?",medikal
Eğitim sahasında kırık şüphesinde ilk ne yapayım?,medikal
Araç yanında yanık yaralısını güvene almak için yalnızken ne yapayım?,medikal
"Gece nöbetinde bacağından yaralanana ilk ne yapayım, turnike var?",medikal
"Arazide bacağından yaralanan askere ilk ne yapayım, turnikeyi nasıl kullanayım?",medikal
"Eğitim sahasında yanık oldu, ilk yardım çantası var, önce ne yapayım?",medikal
"Gece nöbetindeyiz, kolu kanayan yaralıya turnikeyle ilk ne yapayım?",medikal
Arazide bacağından yaralanan kişiye tahliyeden önce temiz bezle nasıl müdahale edeyim?,medikal
"Eğitim sahasında kırık şüphesi var, ilk yardım çantasından önce ne yapayım?",medikal
Eğitim sahasında kırığı olabilecek yaralıyı tek başımayken nasıl güvene alırım?,medikal
"Kolundaki kesik sürekli kanıyor, basıyı nasıl uygulamalıyım?",medikal
Kanama durmuyorsa turnike ne zaman düşünülür?,medikal
Turnikeyi yaraya ne kadar yukarıdan uygulamak gerekir?,medikal
"Turnike taktım, uygulama saatini neden kaydetmeliyim?",medikal
"Yaralı çok kan kaybetti, şok belirtileri neler olabilir?",medikal
Kanaması olan yaralıyı hangi pozisyonda tutmalıyım?,medikal
Yaradaki bezi kaldırmadan basıya devam etmeli miyim?,medikal
Yoğun kanamada temiz bez yoksa ne kullanabilirim?,medikal
"Arkadaşımın kolu kırılmış olabilir, nasıl sabitlemeliyim?",medikal
Bacak kırığı şüphesinde yaralıyı hareket ettirmeli miyiz?,medikal
"Ayak bileği ciddi şişti, kırık şüphesinde ne yapmalıyım?",medikal
Omurga yaralanmasından şüpheleniyorsak kişiyi nasıl koruruz?,medikal
Çıkık şüphesinde eklemi yerine oturtmalı mıyım?,medikal
Kaburga kırığı olabilecek yaralıya nasıl yaklaşmalıyım?,medikal
Başını sertçe çarpan birini hangi belirtiler açısından izlemeliyim?,medikal
"Elinde sıcak yüzey yanığı var, ilk müdahale ne olmalı?",medikal
Yanık bölgesini ne kadar süre serin tutmalıyım?,medikal
Yanığa doğrudan buz koymak doğru mu?,medikal
Kimyasal madde cilde döküldüyse ilk yardım nasıl yapılır?,medikal
Elektrik yanığında yaralıya dokunmadan önce neyi kontrol etmeliyim?,medikal
Yanık üzerindeki yapışmış kumaşı çıkarmalı mıyım?,medikal
Su toplamış yanığı patlatmak güvenli mi?,medikal
Geniş yanık alanı olan yaralıyı nasıl korumalıyım?,medikal
Yüz yanığı olan yaralıda hangi bulgular acildir?,medikal
Yanığı kapatmak için nasıl bir örtü kullanmalıyım?,medikal
"Patlama sonrası yaralı soluk ve soğuk terliyor, ne yapmalıyım?",medikal
Şok şüphesinde yaralının bacaklarını kaldırmak her zaman doğru mu?,medikal
Şoktaki yaralıya su vermek uygun mu?,medikal
Bilinci açık ama çok halsiz yaralıyı nasıl izlemeliyim?,medikal
"Yaralı hızla üşüyor, hipotermiyi nasıl önleyebilirim?",medikal
Hipotermide çok sıcak su kullanmak güvenli mi?,medikal
Titremesi aniden duran soğuk yaralıda ne düşünmeliyim?,medikal
Soğuk zeminde yatan yaralıyı nasıl yalıtmalıyım?,medikal
"Yaralı tepki vermiyor ve nefes almıyor, ne yapmalıyım?",medikal
Temel yaşam desteğine başlamadan önce neyi kontrol etmeliyim?,medikal
Yetişkinde göğüs basısı nereye uygulanır?,medikal
Kalp masajında bası hızı yaklaşık ne olmalı?,medikal
Yapay solunum yapamıyorsam sadece göğüs basısı yapabilir miyim?,medikal
Otomatik şok cihazı gelince hangi sırayla kullanılır?,medikal
Nefes alan bilinçsiz yaralıyı hangi pozisyona almalıyım?,medikal
Boğulma sonrası nefes almayan kişiye nasıl müdahale edilir?,medikal
"Birden fazla yaralı var, önce kimi değerlendirmeliyim?",medikal
Ağır kanamalı yaralı hangi öncelik grubuna girer?,medikal
Yaralının durumu değişirse triyaj sınıfı değiştirilmeli mi?,medikal
Triyaj etiketi üzerinde hangi bilgiler bulunmalı?,medikal
Çoklu yaralanmada solunum hızını neden kontrol ediyoruz?,medikal
Yaralıyı taşımadan önce çevrede hangi risklere bakmalıyım?,medikal
Tek kişiyle yaralı taşımak gerektiğinde hangi yöntem uygundur?,medikal
Omurga şüphesi olan yaralıyı zorunlu tahliyede nasıl taşımalıyız?,medikal
Yaralıyı araç içinde nasıl sabitlemek gerekir?,medikal
Bilinci kapalı yaralıyı taşırken başını nasıl korurum?,medikal
Tehlikeli alandaki yaralıyı ne zaman hemen taşımak gerekir?,medikal
Tahliye sırasında yaralının durumunu ne sıklıkla kontrol etmeliyim?,medikal
Yaralı kusuyorsa hava yolunu nasıl koruyabilirim?,medikal
Güçlü öksürebilen kişiye müdahale etmeli miyim?,medikal
Boğulma sırasında bilinci kapanırsa ne yapmalıyım?,medikal
Yaraya saplanmış cismi çıkarmalı mıyım?,medikal
Kesilmiş parmak parçasını tahliye sırasında nasıl saklamalıyım?,medikal
Ezilme yaralanmasında hangi belirtiler tehlikelidir?,medikal
Hayvan ısırığında yarayı nasıl temizlemeliyim?,medikal
Bayılan yaralıyı nasıl güvenli pozisyona almalıyım?,medikal
Nöbet sırasında ağzına bir şey koymak gerekir mi?,medikal
Zehirlenme şüphesinde yaralıyı kusturmak doğru mu?,medikal
Yarada enfeksiyon başladığını hangi belirtilerden anlarım?,medikal
Yaralının nabzını sahada nasıl kontrol edebilirim?,medikal
Solunum sayısını hızlıca nasıl değerlendirebilirim?,medikal
Patlama sonrası kulağı kanayan kişiye ne yapmalıyım?,medikal
Göğüs travması sonrası nefes darlığı varsa ne yapmalıyım?,medikal
Tahliye bekleyen yaralıyı sıcak tutmanın en iyi yolu nedir?,medikal
İlk yardım sırasında eldiven kullanmak neden önemlidir?,medikal
Yaralıya müdahale etmeden önce kendi güvenliğimi nasıl kontrol ederim?,medikal
Devriyede kimliği doğrulanmamış hedefe ateş için talimat alabilir miyiz?,savaş yönergeleri
Kontrol noktasında kimliği doğrulanmamış silahlı biriyle karşılaşırsak angajman yetkimiz ne?,savaş yönergeleri
"Komutanım, arazide elleri görünür şekilde teslim olan kişiyi güvenli olarak nasıl muhafaza edelim?",savaş yönergeleri
Devriyede kimliği belirsiz silahlı biriyle karşılaşırsak angajman kuralı ne?,savaş yönergeleri
Kontrol noktasında tehdit belirsizken ateş emri verme yetkim var mı?,savaş yönergeleri
"Gözetlemeden sonra yakaladığımız şüphelinin elleri görünür, güvenli şekilde nasıl muhafaza edelim?",savaş yönergeleri
"Gözetlemeden sonra teslim olan, elleri görünür kişiyi nasıl güvenli muhafaza edelim?",savaş yönergeleri
Kontrol noktasında silahlı ama tehdit oluşturmayan biriyle karşılaşırsak yetkimiz ne?,savaş yönergeleri
"Devriyede silahlı biriyle karşılaşırsak, tehdit net değilken angajman kuralı ne?",savaş yönergeleri
Kontrol noktasında kimliği doğrulanmamış kişiye ateş etme yetkim var mı?,savaş yönergeleri
"Gözetlemeden sonra yakaladığımız, yaralı olabilecek şüpheliye ilk ne yapalım?",savaş yönergeleri
Kontrol noktasında tehdit belirsizken ateş talimatı alırsam hangi kurala uymalıyım?,savaş yönergeleri
"Teslim olan kişi yaralıysa, arazide onu güvenli şekilde nasıl muhafaza edelim?",savaş yönergeleri
"Komutanım, elleri görünür şekilde teslim olan kişiye ilk ne yapalım?",savaş yönergeleri
Devriyede kimliği doğrulanmamış kişiye ateş emri verme yetkim var mı?,savaş yönergeleri
Devriyede kimliği doğrulanmamış hedefe ateş için yetkim var mı?,savaş yönergeleri
Devriyede silahlı ama tehdidi belirsiz biriyle karşılaşırsak angajman yetkimiz ne?,savaş yönergeleri
Devriyede silahlı biriyle karşılaşırsak tehdit net değilken ne kadar müdahale yetkimiz var?,savaş yönergeleri
Kontrol noktasında tehdit belirsizken ateş açma yetkim var mı?,savaş yönergeleri
Devriyede kimliği doğrulanmamış kişilere ateş açma yetkim var mı?,savaş yönergeleri
"Gözetlemede yakaladığımız şüpheli yaralı olabilir, teslim alırken ilk ne yapalım?",savaş yönergeleri
Kontrol noktasında kimliği doğrulanmamış kişiye ateş emri verebilir miyiz?,savaş yönergeleri
"Teslim olan kişi yaralı olabilir, arazide önce ne yapalım?",savaş yönergeleri
Devriyede kimliği belirsiz silahlı biriyle karşılaşırsak angajmana girmeye yetkimiz var mı?,savaş yönergeleri
"Kontrol noktasında silahlı biriyle karşılaşırsak, tehdit net değilken ne zaman müdahale edebiliriz?",savaş yönergeleri
Kontrol noktasında kimliği doğrulanmamış silahlı biriyle karşılaşırsak ne yapacağız?,savaş yönergeleri
Devriyede silahlı ama kimliği belirsiz biriyle karşılaşırsak angajman yetkimiz ne?,savaş yönergeleri
Devriyede tehdit belirsizken ateş emri almadan ne kadar yetkim var?,savaş yönergeleri
Esirin kişisel eşyalarını teslim alırken mülkiyetini ve kayıt zincirini nasıl korumalıyız?,savaş yönergeleri
Gözaltındaki kişinin ailesiyle iletişim talebi gelirse bunu hangi mercie bildirmeliyiz?,savaş yönergeleri
Esirlerin sorgulanmasında yasak olan baskı yöntemleri konusunda ekibe hangi hatırlatmayı yapmalıyım?,savaş yönergeleri
Esir nakli sırasında kadınlar ve erkekler için ayrı düzenleme yapılması gerekir mi?,savaş yönergeleri
Çocuk olduğu anlaşılan bir yakalanan kişi için derhal hangi koruma prosedürü işletilmeli?,savaş yönergeleri
Gözaltındaki bir kişi kötü muamele iddiasında bulunursa olay yerinde hangi bildirim ve delil koruma adımlarını izlemeliyiz?,savaş yönergeleri
Yakalanan kişinin dilini konuşamıyorsak haklarını kendisine nasıl bildirmeliyiz?,savaş yönergeleri
Esirlerin fotoğrafını çekip birlik mesajlaşma grubunda paylaşmak hukuken uygun mudur?,savaş yönergeleri
Saha unsurunda yeterli barınma yoksa esirlerin güvenliği ve insani ihtiyaçları için hangi makamdan destek istemeliyiz?,savaş yönergeleri
Bir esir başka bir esire tehditte bulunursa güvenliği sağlarken hangi hukukî sınırları gözetmeliyiz?,savaş yönergeleri
Yakalanan kişinin askerî mi sivil mi olduğundan emin değilsek statüsünü belirleyene kadar nasıl muamele etmeliyiz?,savaş yönergeleri
Esirin sağlık durumu nakle elverişli değilse operasyon temposuna rağmen hangi öncelik uygulanır?,savaş yönergeleri
Gözaltındaki kişinin kişisel ilaçlarına el koyduysak bunların devamlı kullanımını nasıl güvenceye almalıyız?,savaş yönergeleri
Esirlerin yiyecek ve su dağıtımında ayrımcılık yapılmaması için hangi kayıt düzenini kurmalıyız?,savaş yönergeleri
Esirin sorgu sırasında avukat veya temsilci talebi olursa bunu hangi kanaldan iletmeliyiz?,savaş yönergeleri
"Esirin teslim alınma saatini, yerini ve durumunu kayıt altına almak neden önemlidir?",savaş yönergeleri
Gözaltındaki kişinin kaybolduğu iddiasını önlemek için devir teslimde hangi bilgileri imza altına almalıyız?,savaş yönergeleri
Esirin cesedine rastlarsak kimlik tespiti ve saygın muamele için hangi işlemleri başlatmalıyız?,savaş yönergeleri
"Bir esirin hamile olabileceği anlaşılırsa barınma, sağlık ve nakil planında hangi özel tedbirleri almalıyız?",savaş yönergeleri
Gözaltındaki kişiye aşağılayıcı hitap veya teşhir uygulanmasını önlemek için tim içinde hangi talimatı vermeliyiz?,savaş yönergeleri
"Sığınak girişinde radyasyon ikazı aldık, içeride kalma süresini ve giriş-çıkış kaydını nasıl düzenleyelim?",savaş yönergeleri
Dekontaminasyon hattında su basıncı kesildiğinde personelin geçişini nasıl kontrol altında tutarız?,savaş yönergeleri
Maskemin filtre süresinin dolduğundan şüpheleniyorsam güvenli değişim için ne talep etmeliyim?,savaş yönergeleri
Dekontaminasyon sonrası kişisel dozimetre ve ekipman kontrolünü hangi kayıtla teslim etmeliyim?,savaş yönergeleri
Şüpheli mühimmatın yanında biyolojik risk işareti görürsek alan emniyetini nasıl kurmalıyız?,savaş yönergeleri
KBRN olayında telsizle konum bildirirken hangi bilgileri kısa ve açık şekilde vermeliyim?,savaş yönergeleri
Koruyucu kıyafetim ıslanıp hareketimi kısıtladığında görev amirine hangi durumu öncelikle bildirmeliyim?,savaş yönergeleri
Temiz alan sınırında işaretsiz bir personel görünürse girişini engellemek için nasıl hareket etmeliyiz?,savaş yönergeleri
Radyolojik tarama cihazı alarm veriyor ancak yüzeyde görünür bulaş yoksa kontrol sürecini nasıl başlatırız?,savaş yönergeleri
KBRN eğitiminde alarm sesini duyduğumda personel sayımı için hangi toplanma düzenini uygulamalıyız?,savaş yönergeleri
Şehir dışındaki terk edilmiş yapıda girişleri görünmeden nasıl mevzilendirelim?,savaş yönergeleri
Yağmur sonrası çamurlu zeminde iz bırakmadan geçici siper alanını nasıl seçeriz?,savaş yönergeleri
Dere yatağı yakınında mevzi kurarken taşkın ve görüş hattı riskini nasıl dengeleyelim?,savaş yönergeleri
Gece intikalinden sonra dinlenme noktasını termal iz bırakmayacak şekilde nasıl düzenleriz?,savaş yönergeleri
Tarladaki ekin sıraları arasında mevzi alırken çevre dokusunu bozmamak için ne yapmalıyız?,savaş yönergeleri
Yol kenarında kısa süreli emniyet mevzisi seçerken araç farlarına karşı nasıl korunuruz?,savaş yönergeleri
Sisli havada mevzimizin yakın çevreden fark edilmesini önlemek için hangi ses disiplinini uygularız?,savaş yönergeleri
Harabe içinde mevzi seçerken çökme riskiyle gizlenme ihtiyacını nasıl değerlendiririz?,savaş yönergeleri
Rüzgârlı havada kamuflaj malzemesinin hareket etmemesi için ne tür sabitleme yapalım?,savaş yönergeleri
Köprü altındaki geçici saklanma alanında ses ve koku izini nasıl azaltırız?,savaş yönergeleri
Kıyı şeridinde gelgit değişirken mevzi yerini seçerken hangi işaretlere bakmalıyız?,savaş yönergeleri
Yüksek otlukta gözetleme yaparken bitki örtüsünü ezmeden görüş açıklığını nasıl oluştururuz?,savaş yönergeleri
Kaya gölgesinde bekleme noktası kurarken gün içindeki gölge değişimini nasıl hesaba katarız?,savaş yönergeleri
Çalılık alanda ekip dağılımını yaparken birbirimizi kaybetmeden görünürlüğü nasıl düşük tutarız?,savaş yönergeleri
Moloz yığınında mevzi hazırlarken taze kazı izlerini çevreyle nasıl uyumlu hale getiririz?,savaş yönergeleri
Gece yağmurunda siperden su tahliyesi yaparken görünür iz bırakmamak için neye dikkat edelim?,savaş yönergeleri
Tarla sınırındaki hendekte mevzi alırken çevredeki düzenli çizgileri bozmadan nasıl yerleşiriz?,savaş yönergeleri
Yerleşim yakınındaki boş arazide duman ve yemek kokusunu belli etmeden nasıl yönetiriz?,savaş yönergeleri
Karlı zeminde geçici mevziden ayrılırken gerideki ayak izlerini nasıl asgariye indiririz?,savaş yönergeleri
Açık kayalıkta haberleşme için dururken anten ve ekipmanı siluet oluşturmayacak biçimde nasıl konumlandırırız?,savaş yönergeleri
Kuru mevsimde çalılıkta beklerken toz kaldırmadan ekip hareketini nasıl düzenleriz?,savaş yönergeleri
Terk edilmiş araçların yanında gizlenirken doğal olmayan görünüm oluşturmamak için malzemeyi nasıl yerleştiririz?,savaş yönergeleri
"Güneş yükselirken mevzideki cam, metal ve optik yüzeylerin parlamasını nasıl önleriz?",savaş yönergeleri
Yağışlı gecede ıslanan kamuflaj malzemesinin rengini çevreyle uyumlu tutmak için nasıl kontrol ederiz?,savaş yönergeleri
Mevzi değiştirirken eski yerimizin kullanıldığını belli eden çöpleri ve izleri nasıl toplarız?,savaş yönergeleri
Telsiz bağlantısı kesildiğinde nöbet yerini terk etmeden emniyet durumunu nasıl rapor etmeliyim?,savaş yönergeleri
Nöbet noktasında kimliği belirsiz bir kişi parola söylemeden yaklaşırsa hangi güvenlik prosedürünü uygulamalıyız?,savaş yönergeleri
"Vardiya tesliminde silah, mühimmat ve haberleşme cihazlarının kontrolünü hangi sırayla yapmalıyım?",savaş yönergeleri
Nöbet kulübesi yakınında sahipsiz bir çanta fark edilirse alanı nasıl güvene almalıyız?,savaş yönergeleri
Devriye dönüşü personel sayısında uyuşmazlık fark edersem durumu kime ve nasıl bildirmeliyim?,savaş yönergeleri
Nöbet hattındaki tel engelde hasar gördüğünü fark ettiğimizde ilk emniyet tedbirimiz ne olmalı?,savaş yönergeleri
Kontrol noktasına gelen kişinin kimlik belgesiyle beyanı uyuşmazsa nasıl işlem yapmalıyız?,savaş yönergeleri
Nöbet sırasında uzaktan patlama sesi duyarsak gözlem ve bildirim için hangi bilgileri toplamalıyız?,savaş yönergeleri
Koruma alanı çevresinde başıboş hayvanların hareket sensörlerini tetiklediğini fark edersek ne yapmalıyız?,savaş yönergeleri
Nöbet mahallinde acil tahliye anonsu yapılırsa sorumluluk bölgemizin emniyetini nasıl devretmeliyiz?,savaş yönergeleri
Gece görüş cihazının bataryası azaldığında yedek ekipmanı kullanırken hangi kontrolleri yapmalıyım?,savaş yönergeleri
Nöbet defterinde önceki vardiyadan eksik veya çelişkili kayıt varsa bunu nasıl kayıt altına alıp bildirmeliyim?,savaş yönergeleri
Engebeli arazide işaret noktalarına göre kolu düzenlemek için hangi rotayı seçelim?,savaş yönergeleri
Gece pusulayla toplanma noktasına giderken koordinatı nasıl okuyacağım?,savaş yönergeleri
Dar geçitte konvoyu yönlendirmek için pusulayla mesafeyi nasıl tahmin edelim?,savaş yönergeleri
"Sis yüzünden koordinatı okuyamıyorum, pusulayla toplanma noktasına nasıl giderim?",savaş yönergeleri
Sis içinde sadece haritayla koordinatı nasıl okuyup belirlenen mevziye giderim?,savaş yönergeleri
Dar geçitte yürüyüş kolunu düzenlemek için pusulayla hangi rotayı seçelim?,savaş yönergeleri
Gece pusulayla mevziye gitmek için azimutu nasıl alırım?,savaş yönergeleri
Sisli havada yalnız haritayla mevziye gitmek için azimutu nasıl alırım?,savaş yönergeleri
Sis yüzünden belirlenen mevziye gitmek için pusulayla azimutu nasıl alayım?,savaş yönergeleri
Engebeli arazide konvoyu yönlendirmek için haritadaki işaret noktalarına göre mesafeyi nasıl tahmin edelim?,savaş yönergeleri
Engebeli arazide konvoyu yönlendirmek için pusulayla hangi rotayı seçelim?,savaş yönergeleri
Gece sadece haritayla toplanma noktasına azimut nasıl alırım?,savaş yönergeleri
"Sis yüzünden koordinatı okuyamıyorum, sadece haritayla toplanma noktasına nasıl giderim?",savaş yönergeleri
"Dar geçitte konvoyu hangi rotadan götürelim, pusulaya göre yön verebilir misin?",savaş yönergeleri
Pusulayla engebeli arazide konvoyu yönlendirirken mesafeyi nasıl tahmin ederiz?,savaş yönergeleri
"Engebeli arazide konvoyu hangi rotadan götürelim, işaret noktaları var mı?",savaş yönergeleri
Engebeli arazide işaret noktalarına göre konvoy için en güvenli rotayı hangisinden seçelim?,savaş yönergeleri
Dar geçitte konvoyu yönlendirmek için işaret noktalarına göre hangi rotayı seçelim?,savaş yönergeleri
Gece sadece haritayla belirlenen mevziye gitmek için azimutu nasıl alırım?,savaş yönergeleri
Konvoyu engebeli arazide işaret noktalarına göre hangi rotadan götürelim?,savaş yönergeleri
"Sis yüzünden koordinatı okuyamıyorum, pusulayla mevziye nasıl intikal edeyim?",savaş yönergeleri
Gece belirlenen mevziye ulaşmak için pusulayla azimutu nasıl alırım?,savaş yönergeleri
Gece toplanma noktasına gitmek için pusulayla azimut nasıl alırım?,savaş yönergeleri
Engebeli arazide yürüyüş kolunu düzenlerken pusulayla mesafeyi nasıl tahmin edelim?,savaş yönergeleri
Sisli havada pusulayla toplanma noktasına gitmek için azimutu nasıl alırım?,savaş yönergeleri
Sis içinde pusulayla koordinatı nasıl okuyup belirlenen mevziye ulaşırım?,savaş yönergeleri
Dar geçitte işaret noktalarına göre konvoy için hangi rotayı seçelim?,savaş yönergeleri
Engebeli arazide işaret noktalarına bakarak yürüyüş kolunu düzenlemek için mesafeyi nasıl tahmin edelim?,savaş yönergeleri
Dar geçitte kolu düzenlerken işaret noktalarına göre mesafeyi nasıl tahmin edelim?,savaş yönergeleri
Engebeli arazide işaret noktalarına göre mesafeyi nasıl tahmin edip kolu düzenleyelim?,savaş yönergeleri
Sisli havada pusulayla toplanma noktasının koordinatını nasıl okuyup gidebilirim?,savaş yönergeleri
Sisli havada sadece haritayla toplanma noktasının azimutunu nasıl alırım?,savaş yönergeleri
Dar geçitte işaret noktalarına bakarak konvoyu hedefe kaç kilometre kaldığını nasıl yönlendirelim?,savaş yönergeleri
Sisli havada sadece haritayla toplanma noktasının koordinatını nasıl okuyup yön bulacağız?,savaş yönergeleri
"Sis yüzünden azimut alamıyorum, sadece haritayla belirlenen mevziye nasıl ulaşırım?",savaş yönergeleri
"Dar geçitte işaret noktalarına göre konvoyu nasıl yönlendirelim, mesafeyi nasıl tahmin edelim?",savaş yönergeleri
Nöbet yerindeki bilinmeyen sıvıdan maskeyle nasıl güvenle uzaklaşırım?,savaş yönergeleri
"KBRN alarmında açık alandayken ilk ne yapayım, maskem yanımda?",savaş yönergeleri
"Araç yanında şüpheli duman var, maskeyi hemen mi takayım?",savaş yönergeleri
"KBRN alarmı var, araç yanında ilk ne yapayım, maskeyi takayım mı?",savaş yönergeleri
"KBRN alarmı var, maske ne zaman takılacak?",savaş yönergeleri
"Nöbet yerinde kimyasal koku var, maskem takılıyken güvenli şekilde nasıl uzaklaşayım?",savaş yönergeleri
"Nöbet yerinde kimyasal koku var, dekontaminasyon noktası uzakken güvenli şekilde nasıl uzaklaşalım?",savaş yönergeleri
"Araç yanında şüpheli duman var, maskem yanımda; önce ne yapayım?",savaş yönergeleri
"İntikalde kimyasal koku aldım, maskem takılıyken güvenli bölgeye nasıl uzaklaşayım?",savaş yönergeleri
"İntikal sırasında kimyasal koku aldık, dekontaminasyon noktası uzaktayken güvenli şekilde nasıl uzaklaşırız?",savaş yönergeleri
"İntikal sırasında bilinmeyen sıvıya maruz kaldık, dekontaminasyon noktası uzakken güvenli şekilde nasıl uzaklaşalım?",savaş yönergeleri
"İntikal sırasında kimyasal koku alırsak, maske takılıyken bunu hangi sırayla bildirelim?",savaş yönergeleri
"Nöbet yerinde bilinmeyen sıvı gördüm, maske takılıyken önce kime haber vereyim?",savaş yönergeleri
KBRN alarmında araç yakınındayken maskeyi ne zaman takayım?,savaş yönergeleri
"Açık alanda şüpheli duman var, koruyucu ekipmanımız eksik; ilk ne yapalım?",savaş yönergeleri
"Nöbet yerinde kimyasal koku aldım, dekontaminasyon noktası uzaktayken önce kime haber vereyim?",savaş yönergeleri
KBRN alarmında açık alandayken ekipmanımız eksikse ilk ne yapalım?,savaş yönergeleri
"Açık alanda şüpheli duman var, koruyucu ekipman eksikken maskeyi ne zaman takayım?",savaş yönergeleri
"Nöbet yerinde bilinmeyen sıvı gördüm, dekontaminasyon noktası uzakken önce kime haber vereyim?",savaş yönergeleri
KBRN alarmında açık alandaysak maskeyi hemen mi takayım?,savaş yönergeleri
KBRN alarmında maske yoksa araç yanında ne yapayım?,savaş yönergeleri
"İntikal sırasında kimyasal koku alırsam, maskem takılıyken kime önce bildirmeliyim?",savaş yönergeleri
"İntikal sırasında üzerime bilinmeyen sıvı sıçradı, maskem takılıyken bunu kime bildirmeliyim?",savaş yönergeleri
Açık alandaki şu şüpheli dumanda maskeyi hemen mi takayım?,savaş yönergeleri
"İntikalde üzerime bilinmeyen sıvı döküldü, maskem takılıyken bunu kime önce bildirmeliyim?",savaş yönergeleri
"KBRN alarmı verildi, açık alandayım ve maskem yanımda, ilk ne yapayım?",savaş yönergeleri
"İntikalde maskem takılıyken üzerime bilinmeyen sıvı döküldü, bunu hangi sırayla bildireyim?",savaş yönergeleri
"İntikalde maskem takılıyken kimyasal koku alırsam bunu kime, hangi sırayla bildireyim?",savaş yönergeleri
"Açık alanda KBRN alarmı verildi, koruyucu ekipman eksikken maskeyi ne zaman takayım?",savaş yönergeleri
"Araç yanında şüpheli duman var, koruyucu ekipman eksikken ilk ne yapalım?",savaş yönergeleri
"Nöbet yerinde kimyasal koku alıyorum, dekontaminasyon noktası uzaktayken bunu kime ve hangi sırayla bildireyim?",savaş yönergeleri
"İntikalde üzerime bilinmeyen sıvı sıçradı, dekontaminasyon noktası uzakken kime haber vereyim?",savaş yönergeleri
"İntikalde üzerime bilinmeyen sıvı döküldü, dekontaminasyon noktası uzakken bunu hangi sırayla bildireyim?",savaş yönergeleri
"İntikal sırasında bilinmeyen sıvıya rastladık, dekontaminasyon noktası uzakken güvenli şekilde nasıl uzaklaşalım?",savaş yönergeleri
"Araç yanında şüpheli duman var, koruyucu ekipman eksikken maskeyi hemen takmalı mıyım?",savaş yönergeleri
"İntikal sırasında kimyasal koku aldım, dekontaminasyon noktası uzaktayken önce kime haber vereyim?",savaş yönergeleri
"İntikalde üzerime bilinmeyen sıvı döküldü, dekontaminasyon noktası uzakken bunu önce kime bildirmeliyim?",savaş yönergeleri
"İntikalde maskem takılıyken bilinmeyen sıvı gördüm, bunu kime bildireyim?",savaş yönergeleri
KBRN alarmında araç yakınındayken maskeyi hemen mi takayım?,savaş yönergeleri
"İntikalde maskem takılıyken kimyasal koku alıyorum, nasıl güvenli uzaklaşırız?",savaş yönergeleri
"İntikal sırasında bilinmeyen sıvıya maruz kaldık, dekontaminasyon noktası uzaktayken önce kime bildireyim?",savaş yönergeleri
"KBRN alarmı var, aracın yanında koruyucu ekipman eksik; ilk ne yapalım?",savaş yönergeleri
"Nöbet yerinde bilinmeyen sıvıya maruz kaldık, dekontaminasyon noktası uzakken önce kime haber vereyim?",savaş yönergeleri
KBRN alarmında açık alandaysak maskeyi hemen mi takmalıyım?,savaş yönergeleri
"İntikalde üzerime bilinmeyen sıvı sıçradı, maskem takılıyken bunu kime ve nasıl bildireyim?",savaş yönergeleri
"KBRN alarmı verildi, aracın yanındayım ve maskem yanımda; önce ne yapayım?",savaş yönergeleri
"Nöbet yerinde kimyasal koku var, maskem takılıyken bunu kime önce bildireyim?",savaş yönergeleri
"İntikal sırasında bilinmeyen sıvıya temas ettik, dekontaminasyon noktası uzakken nasıl güvenli uzaklaşırız?",savaş yönergeleri
"Araç yakınındaki şüpheli duman için ilk ne yapayım, maskem yanımda?",savaş yönergeleri
"Nöbet yerinde maskem takılıyken kimyasal koku alırsam bunu kime, hangi sırayla bildireyim?",savaş yönergeleri
Araç yakınındaki şüpheli duman için koruyucu ekipmanımız yokken ilk ne yapalım?,savaş yönergeleri
"Nöbet yerinde kimyasal koku var, dekontaminasyon noktası uzakken bunu kime ve hangi sırayla bildireyim?",savaş yönergeleri
"İntikal sırasında kimyasal koku aldık, maskeler takılıyken güvenli şekilde nasıl uzaklaşalım?",savaş yönergeleri
Alacakaranlıkta gözetlemeye yakalanmadan doğal örtüyle nasıl gizlenebiliriz?,savaş yönergeleri
Ani temas olursa tepe yamacında mevziyi nereye kurayım?,savaş yönergeleri
Orman kenarında uzaktan gözleme karşı mevzi hazırlarken önce neye öncelik verelim?,savaş yönergeleri
Açık arazide yakın temas olursa doğal örtüyle nasıl gizlenelim?,savaş yönergeleri
Açık arazide yakın temas ihtimaline karşı kamuflaj ağını nasıl kullanıp gizlenelim?,savaş yönergeleri
Açık arazide gözetlemeye yakalanmadan doğal örtüyle nasıl gizlenebiliriz?,savaş yönergeleri
Alacakaranlıkta yakın temas ihtimali varken doğal örtüyü kullanarak nasıl gizlenelim?,savaş yönergeleri
Orman kenarında ani temas ihtimalinde az zaman varken önce mevzi mi yoksa gizlenme mi?,savaş yönergeleri
Açık arazide gözetlemeye yakalanmamak için kamuflaj ağını nasıl kullanalım?,savaş yönergeleri
"Tepe yamacında ani temas ihtimaline karşı önce mevzi mi kazalım, gizlenmeye mi öncelik verelim?",savaş yönergeleri
Alacakaranlıkta gözetlemeye yakalanmamak için doğal örtüde ışık disiplinini nasıl uygularız?,savaş yönergeleri
Açık arazide yakın temas ihtimaline karşı kamuflaj ağını kullanırken ışık disiplinini nasıl sağlamalıyız?,savaş yönergeleri
Orman kenarında uzaktan görünmeden mevziyi nereye kazalım?,savaş yönergeleri
"Tepe yamacında uzaktan gözleme karşı, az vaktimiz varken önce mevzi mi gizlenme mi?",savaş yönergeleri
"Orman kenarında uzaktan gözleme karşı önce mevzi mi kazalım, gizlenmeye mi önem verelim?",savaş yönergeleri
Açık arazide gözetlemeye yakalanmamak için kamuflaj ağını kullanırken ışık disiplinini nasıl sağlamalıyız?,savaş yönergeleri
"Tepe yamacında ani temas ihtimali varken az zamanda önce mevzi mi hazırlayalım, gizlenelim mi?",savaş yönergeleri
"Tepe yamacında uzaktan gözleme karşı önce mevziyi mi hazırlayalım, yoksa gizlenmeyi mi?",savaş yönergeleri
Alacakaranlıkta yakın temas ihtimali varken kamuflaj ağını nasıl kullanıp daha iyi gizlenebiliriz?,savaş yönergeleri
Alacakaranlıkta yakın temas ihtimaline karşı kamuflaj ağını nasıl kullanalım?,savaş yönergeleri
Uzaktan gözetlemeye karşı tepe yamacında mevziyi nereye kurmalıyız?,savaş yönergeleri
Uzaktan görünmeyecek mevziyi bu yamaçta nereye kuralım?,savaş yönergeleri
Açık arazide yakın temas ihtimali varken kamuflaj ağını kullanıp ışık disiplinini nasıl sağlayalım?,savaş yönergeleri
Tepe yamacında ani temas için mevziyi nereye kurayım?,savaş yönergeleri
Orman kenarında uzaktan gözetlemeye karşı mevziyi nereye kazalım?,savaş yönergeleri
Alacakaranlıkta gözetlemeye yakalanmadan kamuflaj ağını nasıl kullanalım?,savaş yönergeleri
Tepe yamacında ani temas ihtimaline karşı az zamanda önce neyi hazırlayalım?,savaş yönergeleri
"Tepe yamacında uzaktan gözetlenmeden mevziyi nereye kurayım, zaman az?",savaş yönergeleri
Alacakaranlıkta yakın temas ihtimali varken kamuflaj ağını kullanıp ışık disiplinini nasıl sağlayalım?,savaş yönergeleri
Alacakaranlıkta gözetlemeye yakalanmadan kamuflaj ağını nasıl kullanıp gizlenelim?,savaş yönergeleri
Açık arazide gözetlemeye yakalanmamak için doğal örtüde ışık disiplinini nasıl sağlarım?,savaş yönergeleri
Alacakaranlıkta gözetlenmemek için doğal örtüyü nasıl kullanalım?,savaş yönergeleri
Tepe yamacında uzaktan gözleme karşı mevzi hazırlarken önce ne yapalım?,savaş yönergeleri
"Ani temas ihtimalinde, az vaktimiz varken orman kenarında mevziyi nereye kurup gizlenelim?",savaş yönergeleri
"Orman kenarında ani temas ihtimaline karşı, az vaktimiz varken mevzide önce neyi hazırlayalım?",savaş yönergeleri
Ani temas ihtimaline karşı tepe yamacında mevziyi nereye kurup gizlenelim?,savaş yönergeleri
Alacakaranlıkta yakın temas varken doğal örtüden nasıl gizlenelim?,savaş yönergeleri
Tepe yamacında uzaktan gözleme karşı mevzi kazarken önce neye dikkat edelim?,savaş yönergeleri
Alacakaranlıkta doğal örtü kullanırken ışık disiplinini nasıl koruyalım?,savaş yönergeleri
Sabah nöbet devrinde harita yanımdayken nelere dikkat etmeliyim?,savaş yönergeleri
Girişte şüpheli bir hareket olursa ikili nöbette önce kime haber vereceğiz?,savaş yönergeleri
"Sabah nöbet değişiminde mayın şüphesi varsa, haritayla nasıl güvenli hareket edelim?",savaş yönergeleri
"Giriş noktasında şüpheli bir hareket var, tek başımayım; önce ne yapayım?",savaş yönergeleri
"Girişte tanımadığımız bir araç var, ikili nöbette ilk ne yapalım?",savaş yönergeleri
"Gece ikili nöbette şüpheli bir hareket gördük, ilk ne yapalım?",savaş yönergeleri
Arazi geçişinde nöbet devrini güvenli yapmak için haritayı nasıl kullanayım?,savaş yönergeleri
Arazi geçişinde mayın şüphesi varsa el feneriyle nasıl güvenli hareket edelim?,savaş yönergeleri
Gece nöbetinde tek başımayken şüpheli bir hareket görürsem önce ne yapmalıyım?,savaş yönergeleri
Sabah nöbet devrinde el feneri varken güvenlik için ne yapmalıyız?,savaş yönergeleri
"Girişte tanımadığım bir araç var, tek başımayım, önce ne yapayım?",savaş yönergeleri
"Arazi geçişinde mayın şüphesi varsa, el feneriyle nasıl bildirim yapmalıyım?",savaş yönergeleri
Arazi geçişinde mayın şüphesi varsa haritayla doğru bildirimi nasıl yapayım?,savaş yönergeleri
"Arazi geçişinde nöbet devrini nasıl bildireyim, el feneri var?",savaş yönergeleri
Arazi geçişinde nöbet devrini el feneriyle nasıl güvenli yapalım?,savaş yönergeleri
Arazi geçişindeki nöbet devrini haritayla nasıl doğru bildiririm?,savaş yönergeleri
Sabah nöbet değişiminde mayın şüphesi varsa el feneriyle ne yapmalıyız?,savaş yönergeleri
Sabah nöbet devrinde harita yanımdaysa bunu nasıl bildirmeliyim?,savaş yönergeleri
Gece nöbetinde tanımadığım bir araç yaklaşırken tek başımaysam önce ne yapmalıyım?,savaş yönergeleri
Sabah nöbet devrinde el feneri olduğunu nasıl bildireyim?,savaş yönergeleri
Gece ikili nöbette tanımadığımız bir araç görünce önce ne yapalım?,savaş yönergeleri
Gece ikili nöbette tanımadığımız bir araç görürsek önce kime haber verelim?,savaş yönergeleri
Sabah nöbet değişiminde mayın şüphesini haritayla nasıl doğru bildiririm?,savaş yönergeleri
Arazide mayın şüphesi varsa haritadaki konumu nasıl bildirmeliyim?,savaş yönergeleri
"Girişte tanımadığımız bir araç var, ikili nöbetteyken kime haber vermeliyim?",savaş yönergeleri
"Sabah nöbet değişiminde mayın şüphesini nasıl bildireyim, el feneri var?",savaş yönergeleri
"Girişte şüpheli bir hareket var, ikili nöbette ilk ne yapalım?",savaş yönergeleri
Gece nöbetinde şüpheli bir hareket görürsem kime haber vereyim?,savaş yönergeleri
Sabah değişiminde mayın şüphesini nasıl bildirmeliyim?,savaş yönergeleri
Gece nöbetinde tanınmayan araç görünce önce kimi haberdar etmeliyiz?,savaş yönergeleri
Arazi geçişinde nöbet devrini yaparken el feneri olduğunu nasıl bildireyim?,savaş yönergeleri
Arazi geçişinde mayın şüphesi varsa doğru bildirimi nasıl yapmalıyım?,savaş yönergeleri
"Gece nöbetinde şüpheli bir hareket gördüm, tek başımayım; kime haber vermeliyim?",savaş yönergeleri
Giriş noktasındaki şüpheli hareketi tek başımayken kime bildirmeliyim?,savaş yönergeleri
Arazi geçişinde nöbet devrini el feneriyle nasıl bildireyim?,savaş yönergeleri
"Arazi geçişinde nöbet devrini nasıl bildireyim, el feneri var mı?",savaş yönergeleri
Telsizden kısa durum raporu verirken hangi sırayı izlemeliyim?,savaş yönergeleri
Çağrı adlarını kullanırken konuşmaya nasıl başlamalıyım?,savaş yönergeleri
Mesajım anlaşılmadıysa telsizden nasıl tekrar etmeliyim?,savaş yönergeleri
Acil durum raporunu normal trafikten nasıl ayırırım?,savaş yönergeleri
Konum raporu verirken hangi bilgileri aktarmak gerekir?,savaş yönergeleri
Personel durumunu kısa bir raporda nasıl ifade ederim?,savaş yönergeleri
Ekipman arızasını telsizden nasıl bildirmeliyim?,savaş yönergeleri
Yanlış söylediğim bilgiyi telsizde nasıl düzeltirim?,savaş yönergeleri
Rapor sonunda tekrar teyit istemek ne zaman gerekir?,savaş yönergeleri
Telsiz konuşmalarını neden kısa tutmak gerekir?,savaş yönergeleri
Rutin durum raporunda hangi başlıklar bulunmalı?,savaş yönergeleri
Telsizden yardım talebi verirken hangi bilgiler önceliklidir?,savaş yönergeleri
Nöbeti devralırken önce hangi bilgileri öğrenmeliyim?,savaş yönergeleri
Nöbet değişiminde ekipman durumu nasıl aktarılmalı?,savaş yönergeleri
Yetkisiz biri kontrol noktasına gelirse ne yapmalıyım?,savaş yönergeleri
Nöbet yerindeki giriş çıkışları nasıl kaydetmeliyim?,savaş yönergeleri
Kimlik kontrolünde hangi sırayı izlemeliyim?,savaş yönergeleri
Gece nöbetinde görüş alanını nasıl düzenli kontrol ederim?,savaş yönergeleri
Şüpheli paket görürsem nasıl davranmalıyım?,savaş yönergeleri
Beklenmeyen bir araç yaklaşırsa hangi kontroller yapılır?,savaş yönergeleri
Alarm verildiğinde nöbetçinin ilk sorumluluğu nedir?,savaş yönergeleri
Devir teslim kaydına hangi olayları yazmalıyım?,savaş yönergeleri
Nöbet sırasında dikkat kaybını azaltmak için ne yapılabilir?,savaş yönergeleri
Kontrol noktasında kalabalık oluşursa güvenliği nasıl korurum?,savaş yönergeleri
Nöbet alanında bulunan arızalı ekipmanı nasıl bildirmeliyim?,savaş yönergeleri
Pusulayla yön belirlerken hangi temel adımları izlemeliyim?,savaş yönergeleri
Haritada kuzeyi hangi işaretlerden anlayabilirim?,savaş yönergeleri
Harita ölçeğinden gerçek mesafeyi nasıl hesaplarım?,savaş yönergeleri
Yükselti eğrileri arazinin şeklini nasıl gösterir?,savaş yönergeleri
Haritada bulunduğum noktayı doğrulamak için ne yapabilirim?,savaş yönergeleri
Bir kontrol noktasını haritada nasıl işaretlerim?,savaş yönergeleri
Rota seçerken arazi eğimini nasıl değerlendirmeliyim?,savaş yönergeleri
Gece yürüyüşünde yön kaybını azaltmak için ne yapmalıyım?,savaş yönergeleri
Yol ayrımında doğru rotayı nasıl doğrularım?,savaş yönergeleri
Pusula sapmasını yön hesabında nasıl dikkate alırım?,savaş yönergeleri
Arazide kalan mesafeyi nasıl yaklaşık hesaplayabilirim?,savaş yönergeleri
Rota üzerindeki belirgin arazi işaretlerini nasıl seçerim?,savaş yönergeleri
İntikal öncesinde harita kontrolünde nelere bakmalıyım?,savaş yönergeleri
Koordinat verildiğinde noktayı haritada nasıl bulurum?,savaş yönergeleri
Harita ıslandığında yön bulmayı sürdürmek için ne yapabilirim?,savaş yönergeleri
Korunaklı bir bekleme noktası seçerken nelere dikkat etmeliyim?,savaş yönergeleri
Gizlenme ile fiziksel korunma arasındaki fark nedir?,savaş yönergeleri
Bir bekleme noktasının görüş alanını nasıl kontrol ederim?,savaş yönergeleri
Gece beklerken ışık disiplinine nasıl dikkat etmeliyim?,savaş yönergeleri
Çevrede gereksiz iz bırakmamak için nelere dikkat edilir?,savaş yönergeleri
Bekleme noktasında gereksiz hareket neden sınırlandırılır?,savaş yönergeleri
Yağmur ve rüzgâr korunaklı yer seçimini nasıl etkiler?,savaş yönergeleri
Gözlem noktası seçerken hangi güvenlik unsurlarına bakmalıyım?,savaş yönergeleri
Bekleme alanına giriş çıkış yolunu nasıl güvenli tutarım?,savaş yönergeleri
Açık bir sırt hattında görünür olmamak neden önemlidir?,savaş yönergeleri
Doğal çevreyi bozmadan gizlenme nasıl sürdürülür?,savaş yönergeleri
Uzun süre kalınacak noktayı ne sıklıkla yeniden değerlendirmeliyim?,savaş yönergeleri
Alternatif çıkış yolunun önceden belirlenmesi neden önemlidir?,savaş yönergeleri
Korunaklı alan seçerken su baskını riskini nasıl değerlendiririm?,savaş yönergeleri
KBRN alarmı verildiğinde ilk olarak ne yapmalıyım?,savaş yönergeleri
Koruyucu maskeyi hangi durumda hemen takmalıyım?,savaş yönergeleri
Maskenin yüzüme tam oturduğunu nasıl kontrol ederim?,savaş yönergeleri
KBRN olayında rüzgâr yönü neden önemlidir?,savaş yönergeleri
Şüpheli yüzeylere çıplak elle dokunmak neden sakıncalıdır?,savaş yönergeleri
Dekontaminasyonun temel amacı nedir?,savaş yönergeleri
Koruyucu kıyafette hasar olup olmadığını nasıl kontrol ederim?,savaş yönergeleri
Şüpheli kimyasal koku fark edersem ilk davranışım ne olmalı?,savaş yönergeleri
Biyolojik tehditte kişisel hijyen neden daha önemlidir?,savaş yönergeleri
Dekontaminasyon alanında hangi sıraya uymak gerekir?,savaş yönergeleri
Silahını bırakan birine karşı güç kullanmak ne zaman yasaktır?,savaş yönergeleri
Esir alınan kişinin temel hakları nelerdir?,savaş yönergeleri
Yaralı düşman personeline tıbbi yardım nasıl ele alınmalıdır?,savaş yönergeleri
Angajman kurallarını görev öncesinde neden bilmek gerekir?,savaş yönergeleri
Esirlerin kötü muamele görmesini önlemek kimin sorumluluğudur?,savaş yönergeleri
Teslim işareti gösteren kişiye yaklaşırken hangi ilkeler geçerlidir?,savaş yönergeleri
Sivil bölgelerde güç kullanımında hangi sınırlamalar gözetilir?,savaş yönergeleri
Esirden bilgi alınırken hangi davranışlar yasaktır?,savaş yönergeleri
Yaralı esirlerin tedavisinde ayrım yapılabilir mi?,savaş yönergeleri
Çatışmaya katılmayan kişiler neden özel olarak korunur?,savaş yönergeleri
Esirlerin kişisel eşyaları nasıl kayıt altına alınmalıdır?,savaş yönergeleri
Uluslararası insancıl hukuk sivilleri hangi durumlarda korur?,savaş yönergeleri
Devriyedeyken karşı taraf beni duymuyorsa telsiz kontrolü için ne demeliyim?,savaş yönergeleri
Görev başında çağrı işaretimi telsizden nasıl vermeliyim?,savaş yönergeleri
"Görev başında telsiz kontrolü, beni duyuyor musunuz?",savaş yönergeleri
Gözetleme noktasından ikmal talebini öncelikli olarak nasıl rapor etmeliyim?,savaş yönergeleri
Görev başında çağrı işaretimi verirken karşı taraf duymuyorsa telsizde ne demeliyim?,savaş yönergeleri
"Komutanım, intikal öncesi gözlem raporunu hangi öncelikle ileteyim?",savaş yönergeleri
İntikal öncesi ikmal talebini telsizden kısa nasıl sıralayayım?,savaş yönergeleri
"Merkez, göreve başlamadan telsiz kontrolü yapalım mı, kanal net gelmiyor?",savaş yönergeleri
İntikal öncesi gözlem raporunu telsizde kısa nasıl geçeyim?,savaş yönergeleri
Gözetleme noktasından ikmal talebini telsizde kısa nasıl rapor ederim?,savaş yönergeleri
"Devriyedeyim, telsiz kontrolü yapıyorum ama beni duyuyor musunuz?",savaş yönergeleri
Gözetleme noktasındaki gözlem raporunu kısa ve düzgün nasıl sıralayayım?,savaş yönergeleri
"Görev başında telsiz kontrolü yapıyorum, beni duyuyor musunuz?",savaş yönergeleri
İntikal öncesi gözlem raporunu kısa tutmak için nasıl sıralayayım?,savaş yönergeleri
Görev başlangıcında çağrı işaretimi duyamıyor musunuz?,savaş yönergeleri
İntikal öncesi ikmal talebini telsizde öncelikli nasıl bildiririm?,savaş yönergeleri
"Merkez, görev başlangıcında telsiz kontrolü yapıyorum, kanal net değil, iletişimi düzeltebilir miyiz?",savaş yönergeleri
Gözetleme noktasındaki ikmal talebini raporda hangi öncelikle bildireyim?,savaş yönergeleri
İntikal öncesi ikmal talebini telsizden kısa nasıl rapor etmeliyim?,savaş yönergeleri
"Devriyedeyiz, çağrı işaretini verin; kanal net değil, iletişimi düzeltelim mi?",savaş yönergeleri
"Devriye sırasında telsiz kontrolü yapıyorum, kanal net değil, bağlantıyı düzeltebilir misiniz?",savaş yönergeleri
Görev başında telsiz kontrolü için hangi kanalı söylemeliyim?,savaş yönergeleri
"Görev başlangıcında çağrı işaretimi veriyorum, beni duyuyor musunuz?",savaş yönergeleri
Görev başında telsiz kontrolü için kanal net mi diye nasıl sorayım?,savaş yönergeleri
Gözetleme noktasındaki gözlem raporunu hangi öncelikle ileteyim?,savaş yönergeleri
Görev başında karşı taraf duymuyorsa telsiz kontrolünü nasıl söylemeliyim?,savaş yönergeleri
Devriyedeyken telsiz kontrolü için doğru ifade ne?,savaş yönergeleri
Gözetleme noktasındaki gözlem raporunu telsizden kısa nasıl ileteyim?,savaş yönergeleri
Gözetleme noktasından gözlem raporunu telsiz disiplinine uygun kısa nasıl ileteyim?,savaş yönergeleri
Görev başında telsiz kontrolü için hangi kanalı kullanayım?,savaş yönergeleri
Görev başında kanal net değilken telsiz kontrolünü nasıl yapayım?,savaş yönergeleri
"Devriyedeyiz, çağrı işaretimi veriyorum ama kanal net değil, bağlantıyı düzeltebilir misiniz?",savaş yönergeleri
"Merkez, intikal öncesi ikmal talebimi öncelikli olarak bildiriyorum, alındı mı?",savaş yönergeleri
Görev başında çağrı işaretimi verip telsizden nasıl seslenmeliyim?,savaş yönergeleri
"Görev başında çağrı işaretimi veriyorum, beni duyuyor musunuz?",savaş yönergeleri
Gözetleme noktasındaki 15 kilometrelik hattın 3/5’i tarandıysa kaç kilometresi kaldı?,matematik
Telsiz bataryalarının 240 dakikalık kullanım süresini 8 devriyeye paylaştırırsak devriye başına kaç dakika düşer?,matematik
Nöbet çizelgesinde 18 personelden 5’i izinliyse görevdeki personel sayısı kaç olur?,matematik
"Komutanım, 300 metrelik emniyet şeridinin her 25 metresine bir işaret konursa kaç işaret gerekir?",matematik
Birliğin 84 personeli 7 manga halinde düzenlenirse her mangada kaç personel bulunur?,matematik
Saha anteni 12 metre yüksekliğe çıkarılıp 3 metre indirildiyse son yüksekliği kaç metredir?,matematik
"Komutanım, 160 kilometrelik güzergâhın dörtte biri kapalıysa açık kalan mesafe kaç kilometredir?",matematik
"Komutanım, 72 fişeğin 1/3’ü eğitim için ayrılırsa görev stoğunda kaç fişek kalır?",matematik
Saha hastanesinde 14 sedye dolu ve 6 sedye boşsa toplam sedye kapasitesi kaçtır?,matematik
Konvoydaki 5 aracın her biri 18 kasa taşıyorsa toplam kaç kasa taşınır?,matematik
"Komutanım, 1000 metrelik pistin 450 metresi temizlendiyse temizlenmesi gereken kaç metre kalmıştır?",matematik
Telsiz rölesi her 30 dakikada bir kontrol edilecekse 3 saat içinde kaç kontrol yapılır?,matematik
"Komutanım, 40 litrelik yakıt bidonlarının 7 tanesi toplam kaç litre yakıt taşır?",matematik
Nöbet değişimi 18.40’ta başlayıp 19.25’te bittiyse kaç dakika sürmüştür?,matematik
"Haritadaki iki mevzi arasındaki gerçek mesafe 12 kilometre, araç hızı saatte 60 kilometreyse ulaşım kaç dakika sürer?",matematik
"Komutanım, 27 personelin 9’u sağlık kontrolündeyse göreve hazır personel sayısı kaçtır?",matematik
Cephanelikteki 500 merminin yüzde 10’u ayrılırsa geriye kaç mermi kalır?,matematik
Üç günlük görev için günde 14 litre su tüketilecekse toplam su ihtiyacı kaç litredir?,matematik
"Komutanım, intikal için üç depo yakıtla kaç kilometre gideriz?",matematik
Vardiya planı için dört ölçümün ortalaması kaç adet?,matematik
İntikal için iki buçuk kilometre kaç metre eder?,matematik
Vardiya planında dört ölçümün dakika cinsinden yüzdesini hesaplar mısın?,matematik
Vardiya planında dört ölçümün yüzde kaçı tutuyor?,matematik
Vardiya planında dört ölçümün yüzde kaçını hesaplamamız gerekiyor?,matematik
İntikal için yakıt oranını metre ve kilometreye göre iki buçuk kilometrede nasıl hesaplarız?,matematik
Malzeme sayımında on iki kişinin yüzde kaçı kaç dakika sürer?,matematik
"Komutanım, intikal planında üç deponun mesafesini metre yerine kilometreye nasıl çeviririm?",matematik
Vardiya planı için dört ölçümün dakika ortalaması kaç?,matematik
İkmal hesabında üç deponun yakıt oranını metre ve kilometreye göre nasıl hesaplarız?,matematik
Malzeme sayımında on iki kişinin süre ortalaması kaç dakika?,matematik
İkmal hesabında iki buçuk kilometre kaç litre ve mililitre eder?,matematik
"Malzeme sayımında on iki kişinin yüzde kaçı eksik, kaç dakika sürer?",matematik
On iki kişinin yüzde kaçı malzeme sayımını bitirdi?,matematik
"Malzeme sayımında on iki kişinin yüzde kaçı eksik, söyleyebilir misin?",matematik
İkmal hesabında üç deponun yakıt oranını litre ve mililitre olarak nasıl hesaplarız?,matematik
Malzeme sayımında on iki kişinin ortalaması kaç adet?,matematik
On iki malzemenin yüzde kaçı eksik?,matematik
Vardiya planında dört dakika toplamın yüzde kaçı?,matematik
İntikal planında üç deponun yakıt oranı kaç litre ve mililitre?,matematik
Vardiya planında dört ölçümün yüzde kaçı adet ediyor?,matematik
Malzeme sayımındaki dört ölçümün yüzde kaçını hesaplayayım?,matematik
İntikal planında iki buçuk kilometreyi litre ve mililitreye nasıl çeviririz?,matematik
"Komutanım, ikmal hesabında iki buçuk kilometre için kaç litre ve mililitre gerekir?",matematik
Vardiyada on iki kişinin yüzde kaçı eksik?,matematik
Malzeme sayımında dört ölçümün yüzde kaçı dakika ediyor?,matematik
Vardiyada on iki kişinin yüzde kaçı kaç dakikaya denk geliyor?,matematik
Vardiya planında 12 kişinin yüzde kaçı burada?,matematik
On iki kişinin yüzde kaçı malzeme sayımında?,matematik
Malzeme sayımındaki dört ölçümün yüzde kaçı dakika fark etti?,matematik
Malzeme sayımında on iki kişinin yüzde kaçı kaç dakika sürdü?,matematik
İntikal planında üç deponun yakıt oranını metre ve kilometreye göre nasıl hesaplayalım?,matematik
Vardiyada on iki kişinin yüzde kaçı kaç dakika görev yapacak?,matematik
"Komutanım, intikal için üç depoda toplam yakıt oranı kaç litre eder?",matematik
"Komutanım, ikmal için üç depo yakıt litre ve mililitre olarak ne kadar eder?",matematik
"Komutanım, üç depo arasındaki mesafeyi ikmal hesabı için metreye mi kilometreye mi çevirelim?",matematik
Sekiz kilometreyi saatte dört kilometre hızla kaç saatte yürürüz?,matematik
Üç kilometrelik rota saatte altı kilometreyle ne kadar sürer?,matematik
On iki kilometreyi üç saatte geçtiysek ortalama hızımız kaçtır?,matematik
Altı kilometrelik intikali doksan dakikada tamamlamak için hızımız ne olmalı?,matematik
İki buçuk saatte on kilometre yürüdüysek ortalama hız kaçtır?,matematik
Dokuz yüz metreyi dakikada yetmiş beş metreyle kaç dakikada geçeriz?,matematik
Dört kilometreyi elli dakikada yürürsek saatte kaç kilometre eder?,matematik
Saatte üç kilometreyle yirmi dakika yürürsek kaç metre gideriz?,matematik
On beş kilometreyi üç saatte bitirmek için ortalama hız kaç olmalı?,matematik
"İki kilometre ilerledik, hedef noktaya üç kilometre kaldı; rota toplam kaç kilometre?",matematik
Altı yüz metreyi on dakikada yürüdüysek dakikadaki hızımız kaç metredir?,matematik
Haritada bir santimetre beş yüz metre ise dört santimetre kaç kilometredir?,matematik
Haritada üç santimetre olan rota gerçekte dokuz yüz metreyse ölçek oranı nedir?,matematik
İki nokta haritada beş santimetre uzaklıktaysa ve ölçek 1:25000 ise mesafe kaç metredir?,matematik
1:50000 ölçekli haritada iki santimetre gerçekte kaç kilometredir?,matematik
Gerçekte üç kilometre olan mesafe 1:50000 haritada kaç santimetredir?,matematik
"Haritada sekiz santimetre ölçtüm, her santimetre dört yüz metre ise toplam mesafe nedir?",matematik
"Bir rota haritada 7,5 santimetre ve santimetre başına iki yüz metre; gerçek uzunluk kaçtır?",matematik
1:10000 ölçekli haritada dokuz santimetre gerçekte kaç metredir?,matematik
"İki kontrol noktası arası 1:25000 haritada 3,2 santimetre; gerçek mesafe nedir?",matematik
Haritada 12 santimetre olan parkur gerçekte altı kilometreyse santimetre başına kaç metre düşer?,matematik
"1:50000 haritada 4,5 santimetrelik rota kaç kilometredir?",matematik
Gerçekte 750 metre olan bölüm 1:25000 haritada kaç santimetre görünür?,matematik
"Haritada 2,4 santimetre ölçülen mesafe santimetre başına 500 metre ise kaç kilometredir?",matematik
"Bataryanın yüzde 80'i dolu, kapasite 5000 birimse kullanılabilir miktar kaçtır?",matematik
Bir cihazın şarjı yüzde 60'tan yüzde 35'e düştü; kaç yüzde puan azaldı?,matematik
Yüzde 25'i kalan dört saatlik batarya yaklaşık kaç saat daha dayanır?,matematik
Yüzde 90 dolu güç ünitesinin yüzde 30'u kullanılırsa yüzde kaç kalır?,matematik
Seksen litrelik suyun yüzde 25'i kullanıldıysa kaç litre kalır?,matematik
Kırk porsiyonun yüzde 20'si ayrıldıysa kaç porsiyon kalır?,matematik
Yüz adet malzemenin yüzde 12'si arızalıysa sağlam kaç tane vardır?,matematik
Bir depoda 240 birimin yüzde 30'u kullanıldıysa kaç birim kalır?,matematik
Batarya seviyesi yüzde 75'ten yüzde 45'e indi; başlangıcın yüzde kaçı tüketildi?,matematik
Altmış litrelik yakıtın yüzde 40'ı kaldıysa kaç litre vardır?,matematik
Yüzde 10 yedek payla 200 litre ihtiyaca toplam kaç litre gerekir?,matematik
Bir görev süresinin yüzde 60'ı geçtiyse dört saatin kaç dakikası tamamlanmıştır?,matematik
Elli cihazın yüzde 8'i çalışmıyorsa kaç cihaz kullanılabilir?,matematik
Yüz yirmi litrelik suyun yüzde 15'i yedek tutulursa kullanılabilir miktar kaç litredir?,matematik
On iki kişilik ekipte kişi başı iki paket dağıtırsak kaç paket gerekir?,matematik
Otuz kilogram yükü beş kişiye eşit bölersek kişi başı kaç kilogram düşer?,matematik
Altı ekip için ikişer batarya gerekiyorsa toplam kaç batarya gerekir?,matematik
Üç araçta dörder ilk yardım çantası varsa toplam kaç çanta vardır?,matematik
Yirmi dört litre suyu sekiz kişiye eşit dağıtırsak kişi başı kaç litre düşer?,matematik
On beş kutuyu üç takıma eşit paylaştırırsak takım başına kaç kutu düşer?,matematik
Dört kişiye üç gün boyunca kişi başı iki litre su gerekir; toplam kaç litre?,matematik
Beş cihazın her biri iki batarya kullanıyorsa üç yedekle toplam kaç batarya gerekir?,matematik
Su ve konsantre oranı 4'e 1 ise 15 litre karışımda kaç litre konsantre vardır?,matematik
Üç ekip 2:3:5 oranında 50 paket paylaşırsa en büyük ekip kaç paket alır?,matematik
Üç günlük toplam 36 porsiyon dört kişiye eşit dağıtılırsa kişi başı günde kaç porsiyon düşer?,matematik
İki araç toplam 70 litre yakıt taşıyor ve oranları 3:4; ikinci araçta kaç litre var?,matematik
"Beş kişilik ekipte kişi başı 1,5 kilogram ek yük varsa toplam ek yük kaç kilogramdır?",matematik
Yirmi bir litre suyu 2:5 oranında iki gruba bölersek küçük grup kaç litre alır?,matematik
Bir buçuk kilometre kaç metredir?,matematik
İki bin beş yüz metre kaç kilometredir?,matematik
Üç saat kırk beş dakika toplam kaç dakikadır?,matematik
"4,5 litre kaç mililitredir?",matematik
On iki bin mililitre kaç litredir?,matematik
"2,8 kilogram kaç gramdır?",matematik
"0,85 metre kaç santimetredir?",matematik
İki gün altı saat toplam kaç saattir?,matematik
"5,4 kilometre kaç metredir?",matematik
On beş dakika kaç saniyedir?,matematik
"Üç rotanın uzunlukları 4, 6 ve 8 kilometre; ortalama uzunluk kaçtır?",matematik
"Üç cihazın şarjları yüzde 60, 75 ve 90; basit ortalama yüzde kaçtır?",matematik
Beş günlük su tüketimi toplam 100 litre ise günlük ortalama kaç litredir?,matematik
"Üç kontrol noktası arası süreler 15, 20 ve 25 dakika; ortalama süre nedir?",matematik
Beş kişinin taşıdığı toplam yük 75 kilogram ise kişi başı ortalama kaç kilogramdır?,matematik
Otuz iki bataryanın yedisi kullanıldıysa kaç tane kalır?,matematik
Yüz yirmi litre su üç araca eşit bölünürse araç başına kaç litre düşer?,matematik
Altı saatlik görevin iki saati geçtiyse kaç saat kalır?,matematik
On sekiz cihazın üçte biri şarjdaysa kullanımda en fazla kaç cihaz olabilir?,matematik
Kırk sekiz paket dört ekibe eşit dağıtılırsa ekip başına kaç paket düşer?,matematik
Devriye dönüşünde ekibin keyfi yerinde mi?,sohbet
Nöbet değişimine kadar bana eşlik eder misin?,sohbet
Kamp alanında akşam için bir sohbet konusu seçer misin?,sohbet
Operasyon sonrası ekibe söyleyecek kısa ve neşeli bir sözün var mı?,sohbet
İntikal sırasında can sıkıntısını giderecek bir konu açar mısın?,sohbet
Saha molasında kafamızı dağıtacak bir şey konuşalım mı?,sohbet
Devriye aracında yol uzarken bana eşlik eder misin?,sohbet
Akşam içtiması öncesinde ekibe sıcak bir selam gönderir misin?,sohbet
"Kask, beni duyuyor musun?",sohbet
Bağlantı hâlâ açık mı?,sohbet
Şu an beni algılayabiliyor musun?,sohbet
"Ses seviyen biraz düşük, beni duyuyor musun?",sohbet
Bağlantıda gecikme var mı?,sohbet
Mikrofonum düzgün çalışıyor mu?,sohbet
Kaskın sesli yanıtı açık mı?,sohbet
Ses bağlantısını kontrol eder misin?,sohbet
Komutumu aldın mı?,sohbet
Şu an cevap verebiliyor musun?,sohbet
Sesim kesik kesik geliyor mu?,sohbet
"Selam kask, hazır mısın?",sohbet
"Selam, göreve başlamadan biraz konuşalım mı?",sohbet
"İyi akşamlar, hâlâ benimle misin?",sohbet
"Merhaba, sistemin nasıl gidiyor?",sohbet
"Selam, bugün keyfin nasıl?",sohbet
"Günaydın, bağlantımız iyi görünüyor mu?",sohbet
"Merhaba kask, seni bir kontrol edeyim dedim.",sohbet
"Selam, biraz sohbet edelim.",sohbet
"Merhaba, ne var ne yok?",sohbet
"Selam, bugün uzun bir gün olacak gibi.",sohbet
"Hey kask, nasılsın?",sohbet
"Bugünlük işimiz bitti, görüşürüz.",sohbet
"Tamam kask, şimdilik kapatalım.",sohbet
Görev sonrası tekrar görüşürüz.,sohbet
"Ben çıkıyorum, kendine iyi bak.",sohbet
"Bugünlük yeter, sonra devam ederiz.",sohbet
"İyi geceler kask, görüşürüz.",sohbet
"Şimdilik sessiz kal, sonra konuşuruz.",sohbet
"Teşekkürler, işimi gördü.",sohbet
"Sağ ol kask, yardımcı oldun.",sohbet
"Teşekkür ederim, tam ihtiyacım olan buydu.",sohbet
"İyi oldu, sağ ol.",sohbet
"Tamamdır, teşekkür ederim.",sohbet
"Sağ ol, açıklaman yeterliydi.",sohbet
"Teşekkürler, bunu not ettim.",sohbet
"İşime yaradı, sağ ol.",sohbet
"Çok iyi, teşekkürler kask.",sohbet
"Bugün biraz yoruldum, moral verir misin?",sohbet
"Gece uzun sürecek gibi, moralimi yükseltir misin?",sohbet
"Biraz gerildim, sakin kalmam için bir şey söyle.",sohbet
Biraz cesaretlendirici bir şey söyler misin?,sohbet
"Odaklanmakta zorlanıyorum, beni motive et.",sohbet
Uzun nöbet için moral verecek bir cümle söyle.,sohbet
"Bugün işler zor gidiyor, biraz destek olur musun?",sohbet
Devam etmek için kısa bir motivasyon istiyorum.,sohbet
"Biraz stresliyim, kafamı toparlamama yardım et.",sohbet
Şu an sadece biraz moral duymaya ihtiyacım var.,sohbet
"Biraz kendime gelmem lazım, motive eder misin?",sohbet
"Zorlu bir günün ortasındayım, kısa bir destek ver.",sohbet
Pes etmemek için bana bir cümle söyle.,sohbet
"Nöbet uzun, kısa bir şaka yapar mısın?",sohbet
Yorgunluğu unutturacak kısa bir şaka yap.,sohbet
Bir askerî kamp şakası anlatır mısın?,sohbet
Çok kısa bir nöbet esprisi yap.,sohbet
"Biraz gülelim, kötü bir baba şakası söyle.",sohbet
Bugünkü yorgunluğa uygun komik bir cümle söyle.,sohbet
Bir dakikalığına ciddiyeti bırakıp şaka yap.,sohbet
Çadır hayatıyla ilgili kısa bir espri söyle.,sohbet
Senin adın ne?,sohbet
Sen tam olarak ne yapıyorsun?,sohbet
Benimle sürekli sesli konuşabilir misin?,sohbet
Hangi tür komutları anlayabiliyorsun?,sohbet
Sana kask diye hitap etsem olur mu?,sohbet
Bağlantı olmadan da çalışabiliyor musun?,sohbet
Sesimi diğer seslerden ayırt edebiliyor musun?,sohbet
Türkçe konuşmayı anlayabiliyor musun?,sohbet
Kısa cevap vermeni isteyebilir miyim?,sohbet
Bir komutu tekrar etmeni isteyebilir miyim?,sohbet
Ben konuşurken araya girer misin?,sohbet
Az önce söylediğimi hatırlıyor musun?,sohbet
"Bugün kendimi iyi hissediyorum, sen nasılsın?",sohbet
"Biraz sıkıldım, iki laf edelim mi?",sohbet
Mola sırasında neler yapabildiğini anlatır mısın?,sohbet
Mola sırasında biraz moral verir misin?,sohbet
"Telsiz, nasılsın?",sohbet
"Telsiz kontrolü, selam, sesim geliyor mu?",sohbet
Görev öncesi nasılsın?,sohbet
"Telsiz bağlantısı tamam mı, selam?",sohbet
Mola sırasında seninle neler konuşabilirim?,sohbet
"Merhaba, bağlantı iyi mi?",sohbet
"Telsiz çekiyor mu, nasılsın?",sohbet
Beklerken senin neler yapabildiğini anlatsana?,sohbet
Beklerken neler yapabildiğini söyler misin?,sohbet
Moralimi yükseltecek bir şey söyler misin?,sohbet
Beklerken seninle neler yapabiliriz?,sohbet
"Günaydın, görev öncesi nasılsın?",sohbet
"Günaydın arkadaşlar, hazır mıyız?",sohbet
"Selam, göreve çıkmadan nasılsın?",sohbet
"Merkez, sesimi alıyor musunuz?",sohbet
"Günaydın, hazır mısınız?",sohbet
"Bağlantı tamam mı, nasılsın?",sohbet
"Günaydın ekip, nasılsınız?",sohbet
"Selam, göreve hazır mısın?",sohbet
"Molada biraz sohbet edelim mi, neler yapabiliyorsun?",sohbet
"Bağlantı var mı, selam?",sohbet
"Merhaba, bağlantı nasıl gidiyor?",sohbet
"Alo, sesim geliyor mu?",sohbet
